[{"model": "contenttypes.contenttype", "pk": 1, "fields": {"app_label": "admin", "model": "logentry"}}, {"model": "contenttypes.contenttype", "pk": 2, "fields": {"app_label": "auth", "model": "permission"}}, {"model": "contenttypes.contenttype", "pk": 3, "fields": {"app_label": "auth", "model": "group"}}, {"model": "contenttypes.contenttype", "pk": 4, "fields": {"app_label": "auth", "model": "user"}}, {"model": "contenttypes.contenttype", "pk": 5, "fields": {"app_label": "contenttypes", "model": "contenttype"}}, {"model": "contenttypes.contenttype", "pk": 6, "fields": {"app_label": "sessions", "model": "session"}}, {"model": "contenttypes.contenttype", "pk": 7, "fields": {"app_label": "lists", "model": "list"}}, {"model": "contenttypes.contenttype", "pk": 8, "fields": {"app_label": "lists", "model": "restaurant"}}, {"model": "contenttypes.contenttype", "pk": 10, "fields": {"app_label": "rest_lists", "model": "list"}}, {"model": "contenttypes.contenttype", "pk": 11, "fields": {"app_label": "rest_lists", "model": "restaurant"}}, {"model": "contenttypes.contenttype", "pk": 13, "fields": {"app_label": "rest_lists", "model": "userprofile"}}, {"model": "contenttypes.contenttype", "pk": 14, "fields": {"app_label": "taggit", "model": "tag"}}, {"model": "contenttypes.contenttype", "pk": 15, "fields": {"app_label": "taggit", "model": "taggeditem"}}, {"model": "contenttypes.contenttype", "pk": 17, "fields": {"app_label": "rest_lists", "model": "chat"}}, {"model": "sessions.session", "pk": "6jjv9cq2ymlmh8fcqaurqxmd6gqkqhfe", "fields": {"session_data": "ZjU3ZDZmNWI4NmYyNTkwYTIxZjg4ZGE0Yjc1MzE2NzY3Nzc5ODkzZjp7Il9hdXRoX3VzZXJfaWQiOiIxIiwiX2F1dGhfdXNlcl9oYXNoIjoiNzdmMDA5OGZjM2FlNmFjZjI3MzBhMWYxNTJiZTRhMjljNjBhNjA3MCIsIl9hdXRoX3VzZXJfYmFja2VuZCI6ImRqYW5nby5jb250cmliLmF1dGguYmFja2VuZHMuTW9kZWxCYWNrZW5kIn0=", "expire_date": "2016-04-21T18:26:25.245Z"}}, {"model": "sessions.session", "pk": "ca5hbm2v15zc49d5cqainltikb4xh8ww", "fields": {"session_data": "ZjU3ZDZmNWI4NmYyNTkwYTIxZjg4ZGE0Yjc1MzE2NzY3Nzc5ODkzZjp7Il9hdXRoX3VzZXJfaWQiOiIxIiwiX2F1dGhfdXNlcl9oYXNoIjoiNzdmMDA5OGZjM2FlNmFjZjI3MzBhMWYxNTJiZTRhMjljNjBhNjA3MCIsIl9hdXRoX3VzZXJfYmFja2VuZCI6ImRqYW5nby5jb250cmliLmF1dGguYmFja2VuZHMuTW9kZWxCYWNrZW5kIn0=", "expire_date": "2016-04-17T09:01:15.743Z"}}, {"model": "sessions.session", "pk": "ebrn04c3j39hfzbbha8v0maefl1bsbu0", "fields": {"session_data": "NDI5MGM2M2I1MjBkMTEyZDdlY2M3MGIzYjg4YmJiYTc5YmI1MjY3MTp7Il9hdXRoX3VzZXJfaWQiOiIxIiwiX2F1dGhfdXNlcl9oYXNoIjoiYzY2MDIyNzg4NmE0MTBiMTMxODFiYmQ0ZTljZjBlYWIwMDRkMTkxZCIsIl9hdXRoX3VzZXJfYmFja2VuZCI6ImRqYW5nby5jb250cmliLmF1dGguYmFja2VuZHMuTW9kZWxCYWNrZW5kIn0=", "expire_date": "2016-04-24T11:53:28.971Z"}}, {"model": "taggit.tag", "pk": 1, "fields": {"name": "green", "slug": "green"}}, {"model": "taggit.tag", "pk": 2, "fields": {"name": "cool", "slug": "cool"}}, {"model": "taggit.tag", "pk": 3, "fields": {"name": "hip", "slug": "hip"}}, {"model": "taggit.tag", "pk": 4, "fields": {"name": "time", "slug": "time"}}, {"model": "taggit.tag", "pk": 5, "fields": {"name": "totoro", "slug": "totoro"}}, {"model": "taggit.tag", "pk": 6, "fields": {"name": "dimsum", "slug": "dimsum"}}, {"model": "taggit.tag", "pk": 7, "fields": {"name": "skewers", "slug": "skewers"}}, {"model": "taggit.tag", "pk": 8, "fields": {"name": "elephant grounds", "slug": "elephant-grounds"}}, {"model": "taggit.tag", "pk": 9, "fields": {"name": "coffee", "slug": "coffee"}}, {"model": "taggit.tag", "pk": 10, "fields": {"name": "cappuccino", "slug": "cappuccino"}}, {"model": "taggit.tag", "pk": 11, "fields": {"name": "french", "slug": "french"}}, {"model": "taggit.taggeditem", "pk": 19, "fields": {"tag": 1, "content_type": 10, "object_id": 1}}, {"model": "taggit.taggeditem", "pk": 31, "fields": {"tag": 6, "content_type": 10, "object_id": 3}}, {"model": "taggit.taggeditem", "pk": 32, "fields": {"tag": 6, "content_type": 11, "object_id": 3}}, {"model": "taggit.taggeditem", "pk": 33, "fields": {"tag": 7, "content_type": 11, "object_id": 4}}, {"model": "taggit.taggeditem", "pk": 34, "fields": {"tag": 5, "content_type": 11, "object_id": 1}}, {"model": "taggit.taggeditem", "pk": 37, "fields": {"tag": 8, "content_type": 11, "object_id": 9}}, {"model": "taggit.taggeditem", "pk": 38, "fields": {"tag": 9, "content_type": 11, "object_id": 9}}, {"model": "taggit.taggeditem", "pk": 41, "fields": {"tag": 9, "content_type": 10, "object_id": 2}}, {"model": "taggit.taggeditem", "pk": 42, "fields": {"tag": 10, "content_type": 10, "object_id": 2}}, {"model": "taggit.taggeditem", "pk": 43, "fields": {"tag": 11, "content_type": 10, "object_id": 5}}, {"model": "rest_lists.restaurant", "pk": 1, "fields": {"name": "Totoro", "address": "265, Queen' road west", "list": 1, "url": "http://holasenor.com", "website": "", "thumb": "rest_pics/totoro.jpg"}}, {"model": "rest_lists.restaurant", "pk": 3, "fields": {"name": "Dim Dim Sum", "address": "G/F, Man Wah Building 23 Man Ying Street, Jordan", "list": 3, "url": "", "website": "", "thumb": "rest_pics/dimdim.jpg"}}, {"model": "rest_lists.restaurant", "pk": 4, "fields": {"name": "Yardbird", "address": "33 Bridges St, Hong Kong", "list": 1, "url": "", "website": "", "thumb": "rest_pics/yardbird.jpg"}}, {"model": "rest_lists.restaurant", "pk": 6, "fields": {"name": "One Dim Sum", "address": "Hong Kong, \u65fa\u89d2\u904b\u52d5\u5834\u905315\u865f\u4eac\u83ef\u5927\u5ec8\u5730\u82161-2\u865f", "list": 3, "url": "", "website": "", "thumb": "rest_pics/onedim.jpg"}}, {"model": "rest_lists.restaurant", "pk": 8, "fields": {"name": "The Cupping Room - Sheung Wan", "address": "Shop LG, 287-299 Queen's Road Central, Central, Hong Kong", "list": 2, "url": "", "website": "", "thumb": "rest_pics/cup.jpg"}}, {"model": "rest_lists.restaurant", "pk": 9, "fields": {"name": "Elephant Grounds", "address": "11 Gough St, Hong Kong", "list": 2, "url": "", "website": "http://elephantgrounds.com/", "thumb": "rest_pics/1424526308.jpg"}}, {"model": "auth.permission", "pk": 1, "fields": {"name": "Can add log entry", "content_type": 1, "codename": "add_logentry"}}, {"model": "auth.permission", "pk": 2, "fields": {"name": "Can change log entry", "content_type": 1, "codename": "change_logentry"}}, {"model": "auth.permission", "pk": 3, "fields": {"name": "Can delete log entry", "content_type": 1, "codename": "delete_logentry"}}, {"model": "auth.permission", "pk": 4, "fields": {"name": "Can add permission", "content_type": 2, "codename": "add_permission"}}, {"model": "auth.permission", "pk": 5, "fields": {"name": "Can change permission", "content_type": 2, "codename": "change_permission"}}, {"model": "auth.permission", "pk": 6, "fields": {"name": "Can delete permission", "content_type": 2, "codename": "delete_permission"}}, {"model": "auth.permission", "pk": 7, "fields": {"name": "Can add group", "content_type": 3, "codename": "add_group"}}, {"model": "auth.permission", "pk": 8, "fields": {"name": "Can change group", "content_type": 3, "codename": "change_group"}}, {"model": "auth.permission", "pk": 9, "fields": {"name": "Can delete group", "content_type": 3, "codename": "delete_group"}}, {"model": "auth.permission", "pk": 10, "fields": {"name": "Can add user", "content_type": 4, "codename": "add_user"}}, {"model": "auth.permission", "pk": 11, "fields": {"name": "Can change user", "content_type": 4, "codename": "change_user"}}, {"model": "auth.permission", "pk": 12, "fields": {"name": "Can delete user", "content_type": 4, "codename": "delete_user"}}, {"model": "auth.permission", "pk": 13, "fields": {"name": "Can add content type", "content_type": 5, "codename": "add_contenttype"}}, {"model": "auth.permission", "pk": 14, "fields": {"name": "Can change content type", "content_type": 5, "codename": "change_contenttype"}}, {"model": "auth.permission", "pk": 15, "fields": {"name": "Can delete content type", "content_type": 5, "codename": "delete_contenttype"}}, {"model": "auth.permission", "pk": 16, "fields": {"name": "Can add session", "content_type": 6, "codename": "add_session"}}, {"model": "auth.permission", "pk": 17, "fields": {"name": "Can change session", "content_type": 6, "codename": "change_session"}}, {"model": "auth.permission", "pk": 18, "fields": {"name": "Can delete session", "content_type": 6, "codename": "delete_session"}}, {"model": "auth.permission", "pk": 19, "fields": {"name": "Can add list", "content_type": 7, "codename": "add_list"}}, {"model": "auth.permission", "pk": 20, "fields": {"name": "Can change list", "content_type": 7, "codename": "change_list"}}, {"model": "auth.permission", "pk": 21, "fields": {"name": "Can delete list", "content_type": 7, "codename": "delete_list"}}, {"model": "auth.permission", "pk": 22, "fields": {"name": "Can add restaurant", "content_type": 8, "codename": "add_restaurant"}}, {"model": "auth.permission", "pk": 23, "fields": {"name": "Can change restaurant", "content_type": 8, "codename": "change_restaurant"}}, {"model": "auth.permission", "pk": 24, "fields": {"name": "Can delete restaurant", "content_type": 8, "codename": "delete_restaurant"}}, {"model": "auth.permission", "pk": 28, "fields": {"name": "Can add list", "content_type": 10, "codename": "add_list"}}, {"model": "auth.permission", "pk": 29, "fields": {"name": "Can change list", "content_type": 10, "codename": "change_list"}}, {"model": "auth.permission", "pk": 30, "fields": {"name": "Can delete list", "content_type": 10, "codename": "delete_list"}}, {"model": "auth.permission", "pk": 31, "fields": {"name": "Can add restaurant", "content_type": 11, "codename": "add_restaurant"}}, {"model": "auth.permission", "pk": 32, "fields": {"name": "Can change restaurant", "content_type": 11, "codename": "change_restaurant"}}, {"model": "auth.permission", "pk": 33, "fields": {"name": "Can delete restaurant", "content_type": 11, "codename": "delete_restaurant"}}, {"model": "auth.permission", "pk": 37, "fields": {"name": "Can add user profile", "content_type": 13, "codename": "add_userprofile"}}, {"model": "auth.permission", "pk": 38, "fields": {"name": "Can change user profile", "content_type": 13, "codename": "change_userprofile"}}, {"model": "auth.permission", "pk": 39, "fields": {"name": "Can delete user profile", "content_type": 13, "codename": "delete_userprofile"}}, {"model": "auth.permission", "pk": 40, "fields": {"name": "Can add Tag", "content_type": 14, "codename": "add_tag"}}, {"model": "auth.permission", "pk": 41, "fields": {"name": "Can change Tag", "content_type": 14, "codename": "change_tag"}}, {"model": "auth.permission", "pk": 42, "fields": {"name": "Can delete Tag", "content_type": 14, "codename": "delete_tag"}}, {"model": "auth.permission", "pk": 43, "fields": {"name": "Can add Tagged Item", "content_type": 15, "codename": "add_taggeditem"}}, {"model": "auth.permission", "pk": 44, "fields": {"name": "Can change Tagged Item", "content_type": 15, "codename": "change_taggeditem"}}, {"model": "auth.permission", "pk": 45, "fields": {"name": "Can delete Tagged Item", "content_type": 15, "codename": "delete_taggeditem"}}, {"model": "auth.permission", "pk": 49, "fields": {"name": "Can add chat", "content_type": 17, "codename": "add_chat"}}, {"model": "auth.permission", "pk": 50, "fields": {"name": "Can change chat", "content_type": 17, "codename": "change_chat"}}, {"model": "auth.permission", "pk": 51, "fields": {"name": "Can delete chat", "content_type": 17, "codename": "delete_chat"}}, {"model": "auth.user", "pk": 1, "fields": {"password": "pbkdf2_sha256$24000$BDeB6qkn9Ksg$O3Uhw+HRj5XoBhcFi3G3nU/mWMusglPnF6SFY6I8HK0=", "last_login": "2016-04-10T11:53:28.968Z", "is_superuser": true, "username": "xiangormirko", "first_name": "", "last_name": "", "email": "xiangormirko@gmail.com", "is_staff": true, "is_active": true, "date_joined": "2016-04-03T09:00:37.009Z", "groups": [], "user_permissions": []}}, {"model": "auth.user", "pk": 2, "fields": {"password": "pbkdf2_sha256$24000$X0WLf6tPAV6Q$YkldwlQ7VIbadTBUdMEMuhjyl/NgZIlVbhgrbmBxPLs=", "last_login": null, "is_superuser": false, "username": "mirkone", "first_name": "", "last_name": "", "email": "", "is_staff": false, "is_active": true, "date_joined": "2016-04-06T09:38:32Z", "groups": [], "user_permissions": []}}, {"model": "auth.user", "pk": 3, "fields": {"password": "pbkdf2_sha256$24000$5PavBrQVsM3C$/143EJFIpx7tPYVOFm9bQ+1gdk9KPcKXPO3eY+hSQio=", "last_login": null, "is_superuser": false, "username": "BunBun", "first_name": "", "last_name": "", "email": "bunbun@bun.com", "is_staff": false, "is_active": true, "date_joined": "2016-04-07T06:43:29.028Z", "groups": [], "user_permissions": []}}, {"model": "auth.user", "pk": 4, "fields": {"password": "pbkdf2_sha256$24000$VWLoX737k1tZ$IZ6weGna/Ivv7BQgsZDNOMubTqpr34aAMsocFNEJbv8=", "last_login": "2016-04-09T15:42:05.916Z", "is_superuser": false, "username": "xiangormirko1", "first_name": "", "last_name": "", "email": "xiangormirko@gmail.com", "is_staff": false, "is_active": true, "date_joined": "2016-04-09T15:00:19.104Z", "groups": [], "user_permissions": []}}, {"model": "auth.user", "pk": 5, "fields": {"password": "pbkdf2_sha256$24000$4sRr38z3SgM6$rxzRiS1Z34yL/PSWP9wHHhIpsRbZwKLb3+sw934yuXE=", "last_login": "2016-04-09T15:45:37.854Z", "is_superuser": true, "username": "mirko", "first_name": "", "last_name": "", "email": "xiang@bu.edu", "is_staff": true, "is_active": true, "date_joined": "2016-04-09T15:43:08.933Z", "groups": [], "user_permissions": []}}, {"model": "auth.user", "pk": 6, "fields": {"password": "pbkdf2_sha256$24000$zOtVRd9h3oB7$V3B0ZnTe1gh8IrMj/CyJTV2HlxLeeP+dg7T1BjZkoT4=", "last_login": "2016-04-10T10:57:29.939Z", "is_superuser": false, "username": "Cla", "first_name": "", "last_name": "", "email": "clacla@cla.cla", "is_staff": false, "is_active": true, "date_joined": "2016-04-10T10:57:00.861Z", "groups": [], "user_permissions": []}}, {"model": "rest_lists.list", "pk": 1, "fields": {"created_at": "2016-04-06T10:24:55.297Z", "title": "Dreamy restaurants", "description": "list of the restaurants I would love to try even if I have to sell my firstborn child", "public": true, "owner": 1, "thumb": "rest_pics/Grotta-Palazzese-Polignano-.jpg", "likes": 40}}, {"model": "rest_lists.list", "pk": 2, "fields": {"created_at": "2016-04-06T13:41:04.041Z", "title": "Best coffee shops in hong kong", "description": "Coffee shop is life, coffee shop is love. Just a collection of top notch coffee shops sprouting around out beloved HK.", "public": true, "owner": 1, "thumb": "rest_pics/coffee.jpg", "likes": 34}}, {"model": "rest_lists.list", "pk": 3, "fields": {"created_at": "2016-04-07T18:18:14.106Z", "title": "Dim Sum to die for", "description": "All the best the dim-sum Capital has to offer", "public": true, "owner": 1, "thumb": "rest_pics/dimsum.jpg", "likes": 28}}, {"model": "rest_lists.list", "pk": 5, "fields": {"created_at": "2016-04-10T10:59:15.947Z", "title": "French delites", "description": "I am simply in love with all French stuff. Here is a list of the best french spots.", "public": true, "owner": 6, "thumb": "rest_pics/french.jpg", "likes": 1}}, {"model": "rest_lists.userprofile", "pk": 1, "fields": {"first_name": "mirko", "last_name": "zhao", "user": 3, "picture": "", "following": []}}, {"model": "rest_lists.userprofile", "pk": 2, "fields": {"first_name": "mirko", "last_name": "zhao", "user": 1, "picture": "profile_images/Screen_Shot_2016-04-07_at_11.55.35_PM.png", "following": []}}, {"model": "rest_lists.userprofile", "pk": 3, "fields": {"first_name": "mirko", "last_name": "zhao", "user": 4, "picture": "", "following": []}}, {"model": "rest_lists.userprofile", "pk": 4, "fields": {"first_name": "", "last_name": "", "user": 6, "picture": "", "following": []}}, {"model": "rest_lists.chat", "pk": 24, "fields": {"posted_time": "2016-04-10T12:03:23.202Z", "poster": 1, "content": "Show me some magic!", "username": "xiangormirko", "avatar": "profile_images/Screen_Shot_2016-04-07_at_11.55.35_PM.png"}}, {"model": "rest_lists.chat", "pk": 25, "fields": {"posted_time": "2016-04-10T12:03:36.454Z", "poster": 1, "content": "Yeeees! it's working!", "username": "xiangormirko", "avatar": "profile_images/Screen_Shot_2016-04-07_at_11.55.35_PM.png"}}, {"model": "admin.logentry", "pk": 1, "fields": {"action_time": "2016-04-06T09:38:32.257Z", "user": 1, "content_type": 4, "object_id": "2", "object_repr": "mirkone", "action_flag": 1, "change_message": "Added."}}, {"model": "admin.logentry", "pk": 2, "fields": {"action_time": "2016-04-06T09:38:40.619Z", "user": 1, "content_type": 4, "object_id": "2", "object_repr": "mirkone", "action_flag": 2, "change_message": "No fields changed."}}, {"model": "admin.logentry", "pk": 3, "fields": {"action_time": "2016-04-07T09:06:09.605Z", "user": 1, "content_type": 11, "object_id": "2", "object_repr": "mirko's cave", "action_flag": 1, "change_message": "Added."}}, {"model": "admin.logentry", "pk": 4, "fields": {"action_time": "2016-04-07T09:06:13.881Z", "user": 1, "content_type": 11, "object_id": "2", "object_repr": "mirko's cave", "action_flag": 2, "change_message": "Changed tags."}}, {"model": "admin.logentry", "pk": 5, "fields": {"action_time": "2016-04-07T11:38:26.807Z", "user": 1, "content_type": 10, "object_id": "2", "object_repr": "one more time", "action_flag": 2, "change_message": "Changed tags. Changed tags for restaurant \"mirko's cave\"."}}, {"model": "admin.logentry", "pk": 6, "fields": {"action_time": "2016-04-07T11:38:46.426Z", "user": 1, "content_type": 10, "object_id": "1", "object_repr": "Dreamy restaurants", "action_flag": 2, "change_message": "Changed tags. Changed url and tags for restaurant \"Totoro\"."}}, {"model": "admin.logentry", "pk": 7, "fields": {"action_time": "2016-04-07T11:41:19.288Z", "user": 1, "content_type": 10, "object_id": "2", "object_repr": "one more time", "action_flag": 2, "change_message": "Changed thumb and tags. Changed tags for restaurant \"mirko's cave\"."}}, {"model": "admin.logentry", "pk": 8, "fields": {"action_time": "2016-04-07T11:41:28.158Z", "user": 1, "content_type": 10, "object_id": "1", "object_repr": "Dreamy restaurants", "action_flag": 2, "change_message": "Changed thumb and tags. Changed tags for restaurant \"Totoro\"."}}, {"model": "admin.logentry", "pk": 9, "fields": {"action_time": "2016-04-07T11:52:03.929Z", "user": 1, "content_type": 10, "object_id": "2", "object_repr": "Duck", "action_flag": 2, "change_message": "Changed title, thumb and tags. Changed tags for restaurant \"mirko's cave\"."}}, {"model": "admin.logentry", "pk": 10, "fields": {"action_time": "2016-04-07T12:10:08.929Z", "user": 1, "content_type": 10, "object_id": "1", "object_repr": "Dreamy restaurants", "action_flag": 2, "change_message": "Changed thumb and tags. Changed tags for restaurant \"Totoro\"."}}, {"model": "admin.logentry", "pk": 11, "fields": {"action_time": "2016-04-07T12:10:52.070Z", "user": 1, "content_type": 10, "object_id": "2", "object_repr": "Best Ducks", "action_flag": 2, "change_message": "Changed title, description and tags. Changed tags for restaurant \"mirko's cave\"."}}, {"model": "admin.logentry", "pk": 12, "fields": {"action_time": "2016-04-07T12:11:33.103Z", "user": 1, "content_type": 10, "object_id": "2", "object_repr": "Best Ducks", "action_flag": 2, "change_message": "Changed description and tags. Changed tags for restaurant \"mirko's cave\"."}}, {"model": "admin.logentry", "pk": 13, "fields": {"action_time": "2016-04-07T13:51:27.093Z", "user": 1, "content_type": 13, "object_id": "2", "object_repr": "xiangormirko", "action_flag": 1, "change_message": "Added."}}, {"model": "admin.logentry", "pk": 14, "fields": {"action_time": "2016-04-07T15:56:16.617Z", "user": 1, "content_type": 13, "object_id": "2", "object_repr": "xiangormirko", "action_flag": 2, "change_message": "Changed picture."}}, {"model": "admin.logentry", "pk": 15, "fields": {"action_time": "2016-04-07T16:45:55.664Z", "user": 1, "content_type": null, "object_id": "1", "object_repr": "mistic", "action_flag": 1, "change_message": "Added."}}, {"model": "admin.logentry", "pk": 16, "fields": {"action_time": "2016-04-07T18:22:34.848Z", "user": 1, "content_type": 10, "object_id": "3", "object_repr": "Dim Sum to die for", "action_flag": 2, "change_message": "Changed tags. Added restaurant \"Dim Dim Sum\"."}}, {"model": "admin.logentry", "pk": 17, "fields": {"action_time": "2016-04-07T18:23:20.729Z", "user": 1, "content_type": 10, "object_id": "3", "object_repr": "Dim Sum to die for", "action_flag": 2, "change_message": "Changed tags. Changed thumb and tags for restaurant \"Dim Dim Sum\"."}}, {"model": "admin.logentry", "pk": 18, "fields": {"action_time": "2016-04-07T18:29:14.857Z", "user": 1, "content_type": 10, "object_id": "3", "object_repr": "Dim Sum to die for", "action_flag": 2, "change_message": "Changed thumb and tags. Changed tags for restaurant \"Dim Dim Sum\"."}}, {"model": "admin.logentry", "pk": 19, "fields": {"action_time": "2016-04-08T20:49:45.825Z", "user": 1, "content_type": 11, "object_id": "4", "object_repr": "Yardbird", "action_flag": 2, "change_message": "Changed thumb and tags."}}, {"model": "admin.logentry", "pk": 20, "fields": {"action_time": "2016-04-08T20:50:02.092Z", "user": 1, "content_type": 11, "object_id": "1", "object_repr": "Totoro", "action_flag": 2, "change_message": "Changed thumb and tags."}}, {"model": "admin.logentry", "pk": 21, "fields": {"action_time": "2016-04-09T07:08:03.628Z", "user": 1, "content_type": 11, "object_id": "7", "object_repr": "One Dim Sum", "action_flag": 3, "change_message": ""}}, {"model": "admin.logentry", "pk": 22, "fields": {"action_time": "2016-04-09T08:22:28.398Z", "user": 1, "content_type": 17, "object_id": "1", "object_repr": "Chat object", "action_flag": 1, "change_message": "Added."}}, {"model": "admin.logentry", "pk": 23, "fields": {"action_time": "2016-04-09T15:44:26.329Z", "user": 5, "content_type": 4, "object_id": "1", "object_repr": "xiangormirko", "action_flag": 2, "change_message": "Changed password."}}, {"model": "admin.logentry", "pk": 24, "fields": {"action_time": "2016-04-09T15:45:58.262Z", "user": 5, "content_type": 4, "object_id": "1", "object_repr": "xiangormirko", "action_flag": 2, "change_message": "Changed password."}}, {"model": "admin.logentry", "pk": 25, "fields": {"action_time": "2016-04-09T20:08:46.196Z", "user": 1, "content_type": 17, "object_id": "1", "object_repr": "Chat object", "action_flag": 3, "change_message": ""}}, {"model": "admin.logentry", "pk": 26, "fields": {"action_time": "2016-04-09T20:08:46.200Z", "user": 1, "content_type": 17, "object_id": "2", "object_repr": "Chat object", "action_flag": 3, "change_message": ""}}, {"model": "admin.logentry", "pk": 27, "fields": {"action_time": "2016-04-09T20:08:46.202Z", "user": 1, "content_type": 17, "object_id": "3", "object_repr": "Chat object", "action_flag": 3, "change_message": ""}}, {"model": "admin.logentry", "pk": 28, "fields": {"action_time": "2016-04-09T20:15:56.672Z", "user": 1, "content_type": 17, "object_id": "4", "object_repr": "Chat object", "action_flag": 3, "change_message": ""}}, {"model": "admin.logentry", "pk": 29, "fields": {"action_time": "2016-04-09T20:15:56.675Z", "user": 1, "content_type": 17, "object_id": "5", "object_repr": "Chat object", "action_flag": 3, "change_message": ""}}, {"model": "admin.logentry", "pk": 30, "fields": {"action_time": "2016-04-09T20:15:56.678Z", "user": 1, "content_type": 17, "object_id": "6", "object_repr": "Chat object", "action_flag": 3, "change_message": ""}}, {"model": "admin.logentry", "pk": 31, "fields": {"action_time": "2016-04-09T20:15:56.680Z", "user": 1, "content_type": 17, "object_id": "7", "object_repr": "Chat object", "action_flag": 3, "change_message": ""}}, {"model": "admin.logentry", "pk": 32, "fields": {"action_time": "2016-04-09T20:15:56.681Z", "user": 1, "content_type": 17, "object_id": "8", "object_repr": "Chat object", "action_flag": 3, "change_message": ""}}, {"model": "admin.logentry", "pk": 33, "fields": {"action_time": "2016-04-09T20:15:56.683Z", "user": 1, "content_type": 17, "object_id": "9", "object_repr": "Chat object", "action_flag": 3, "change_message": ""}}, {"model": "admin.logentry", "pk": 34, "fields": {"action_time": "2016-04-10T12:03:14.084Z", "user": 1, "content_type": 17, "object_id": "10", "object_repr": "Chat object", "action_flag": 3, "change_message": ""}}, {"model": "admin.logentry", "pk": 35, "fields": {"action_time": "2016-04-10T12:03:14.087Z", "user": 1, "content_type": 17, "object_id": "11", "object_repr": "Chat object", "action_flag": 3, "change_message": ""}}, {"model": "admin.logentry", "pk": 36, "fields": {"action_time": "2016-04-10T12:03:14.089Z", "user": 1, "content_type": 17, "object_id": "12", "object_repr": "Chat object", "action_flag": 3, "change_message": ""}}, {"model": "admin.logentry", "pk": 37, "fields": {"action_time": "2016-04-10T12:03:14.091Z", "user": 1, "content_type": 17, "object_id": "13", "object_repr": "Chat object", "action_flag": 3, "change_message": ""}}, {"model": "admin.logentry", "pk": 38, "fields": {"action_time": "2016-04-10T12:03:14.093Z", "user": 1, "content_type": 17, "object_id": "14", "object_repr": "Chat object", "action_flag": 3, "change_message": ""}}, {"model": "admin.logentry", "pk": 39, "fields": {"action_time": "2016-04-10T12:03:14.095Z", "user": 1, "content_type": 17, "object_id": "15", "object_repr": "Chat object", "action_flag": 3, "change_message": ""}}, {"model": "admin.logentry", "pk": 40, "fields": {"action_time": "2016-04-10T12:03:14.097Z", "user": 1, "content_type": 17, "object_id": "16", "object_repr": "Chat object", "action_flag": 3, "change_message": ""}}, {"model": "admin.logentry", "pk": 41, "fields": {"action_time": "2016-04-10T12:03:14.100Z", "user": 1, "content_type": 17, "object_id": "17", "object_repr": "Chat object", "action_flag": 3, "change_message": ""}}, {"model": "admin.logentry", "pk": 42, "fields": {"action_time": "2016-04-10T12:03:14.102Z", "user": 1, "content_type": 17, "object_id": "18", "object_repr": "Chat object", "action_flag": 3, "change_message": ""}}, {"model": "admin.logentry", "pk": 43, "fields": {"action_time": "2016-04-10T12:03:14.104Z", "user": 1, "content_type": 17, "object_id": "19", "object_repr": "Chat object", "action_flag": 3, "change_message": ""}}, {"model": "admin.logentry", "pk": 44, "fields": {"action_time": "2016-04-10T12:03:14.106Z", "user": 1, "content_type": 17, "object_id": "20", "object_repr": "Chat object", "action_flag": 3, "change_message": ""}}, {"model": "admin.logentry", "pk": 45, "fields": {"action_time": "2016-04-10T12:03:14.108Z", "user": 1, "content_type": 17, "object_id": "21", "object_repr": "Chat object", "action_flag": 3, "change_message": ""}}, {"model": "admin.logentry", "pk": 46, "fields": {"action_time": "2016-04-10T12:03:14.109Z", "user": 1, "content_type": 17, "object_id": "22", "object_repr": "Chat object", "action_flag": 3, "change_message": ""}}, {"model": "admin.logentry", "pk": 47, "fields": {"action_time": "2016-04-10T12:03:14.111Z", "user": 1, "content_type": 17, "object_id": "23", "object_repr": "Chat object", "action_flag": 3, "change_message": ""}}]